{"train_total_loss_cond": 0.04464256390929222, "train_total_loss": 0.04464256390929222, "train_loss_map_hand": 0.022299664095044136, "train_loss_map_om": 0.02232961542904377, "train_loss_feat": 0.001317204674705863, "train_metric_cond": 0.022299660369753838, "_timestamp": 1665500983.2902215, "_runtime": 69441.35811138153, "_step": 13, "val_total_loss_cond": 0.017205867916345596, "val_total_loss": 0.017205867916345596, "val_loss_map_hand": 0.0, "val_loss_map_om": 0.017205867916345596, "val_loss_feat": 0.0, "val_metric_cond": 0.017205867916345596}