{"train_total_loss_cond": 0.0445004366338253, "train_total_loss": 0.0445004366338253, "train_loss_map_hand": 0.022247981280088425, "train_loss_map_om": 0.022241633385419846, "train_loss_feat": 0.0010906505631282926, "train_metric_cond": 0.022247979417443275, "_timestamp": 1665531491.3661768, "_runtime": 99949.43406677246, "_step": 19, "val_total_loss_cond": 0.017116280272603035, "val_total_loss": 0.017116280272603035, "val_loss_map_hand": 0.0, "val_loss_map_om": 0.017116280272603035, "val_loss_feat": 0.0, "val_metric_cond": 0.017116283997893333, "_wandb": {"runtime": 99952}}