{"train_total_loss_cgrasp": 0.8840790390968323, "train_total_loss": 0.8840790390968323, "train_loss_kl": 0.015853729099035263, "train_loss_edge": 0.07976479828357697, "train_loss_mesh_rec": 0.09516289085149765, "train_loss_dist_h": 0.11078552901744843, "train_loss_dist_o": 0.582513153553009, "train_max_depth_ratio": 0.7938381433486938, "train_max_depth_pred": -0.11710138618946075, "_timestamp": 1666041357.7364056, "_runtime": 9272.77488565445, "_step": 7, "val_total_loss_cgrasp": 0.8913380710734534, "val_total_loss": 0.8913380710734534, "val_loss_kl": 0.0, "val_loss_edge": 0.08534973114728928, "val_loss_mesh_rec": 0.10812065005302429, "val_loss_dist_h": 0.11706029623746872, "val_loss_dist_o": 0.5808077454566956, "val_max_depth_ratio": 1.0195415019989014, "val_max_depth_pred": -0.0659526064991951}