{"train_total_loss_cgrasp": 1.0273572206497192, "train_total_loss": 1.0273572206497192, "train_loss_kl": 0.005591294262558222, "train_loss_edge": 0.09927651286125183, "train_loss_mesh_rec": 0.12111691385507584, "train_loss_dist_h": 0.145206019282341, "train_loss_dist_o": 0.6561665534973145, "train_max_depth_ratio": 0.7184134721755981, "train_max_depth_pred": -0.10535269975662231, "_timestamp": 1665732171.8267155, "_runtime": 2134.950473546982, "_step": 1, "val_total_loss_cgrasp": 0.9183975285629636, "val_total_loss": 0.9183975285629636, "val_loss_kl": 0.0, "val_loss_edge": 0.09844369441270828, "val_loss_mesh_rec": 0.11692491918802261, "val_loss_dist_h": 0.12134679406881332, "val_loss_dist_o": 0.581682562828064, "val_max_depth_ratio": 0.9194496273994446, "val_max_depth_pred": -0.059547293931245804, "_wandb": {"runtime": 2134}}