{"train_total_loss_cond": 0.04861994460225105, "train_total_loss": 0.04861994460225105, "train_loss_map_hand": 0.023130765184760094, "train_loss_map_om": 0.023108944296836853, "train_loss_feat": 0.23802292346954346, "train_metric_cond": 0.023130763322114944, "_timestamp": 1665303431.057427, "_runtime": 209.10890793800354, "_step": 29, "val_total_loss_cond": 0.016835786402225494, "val_total_loss": 0.016835786402225494, "val_loss_map_hand": 0.0, "val_loss_map_om": 0.016835786402225494, "val_loss_feat": 0.0, "val_metric_cond": 0.016835786402225494, "_wandb": {"runtime": 214}}