{"train_total_loss_cond": 0.17771326005458832, "train_total_loss": 0.17771326005458832, "train_loss_map_hand": 0.07597655057907104, "train_loss_map_om": 0.10113026946783066, "train_loss_feat": 0.6064296364784241, "train_metric_cond": 0.07597654312849045, "_timestamp": 1665303037.552475, "_runtime": 18.47935390472412, "_step": 19, "val_total_loss_cond": 0.16342519223690033, "val_total_loss": 0.16342519223690033, "val_loss_map_hand": 0.0, "val_loss_map_om": 0.16342519223690033, "val_loss_feat": 0.0, "val_metric_cond": 0.16342520713806152, "_wandb": {"runtime": 17}}