{"train_total_loss_cond": 0.06241775304079056, "train_total_loss": 0.06241775304079056, "train_loss_map_hand": 0.028100963681936264, "train_loss_map_om": 0.028534438461065292, "train_loss_feat": 0.5782355666160583, "train_metric_cond": 0.028100961819291115, "_timestamp": 1665303912.5090406, "_runtime": 46.46026062965393, "_step": 4, "val_total_loss_cond": 0.017431560903787613, "val_total_loss": 0.017431560903787613, "val_loss_map_hand": 0.0, "val_loss_map_om": 0.017431560903787613, "val_loss_feat": 0.0, "val_metric_cond": 0.017431562766432762, "_wandb": {"runtime": 46}}