{"train_total_loss_cond": 0.25451916456222534, "train_total_loss": 0.25451916456222534, "train_loss_map_hand": 0.13790352642536163, "train_loss_map_om": 0.11602117866277695, "train_loss_feat": 0.5944756269454956, "train_metric_cond": 0.13790352642536163, "_timestamp": 1665299287.7872088, "_runtime": 61.62941575050354, "_step": 19, "val_total_loss_cond": 0.27589696645736694, "val_total_loss": 0.27589696645736694, "val_loss_map_hand": 0.0, "val_loss_map_om": 0.27589696645736694, "val_loss_feat": 0.0, "val_metric_cond": 0.27589696645736694, "_wandb": {"runtime": 61}}