{"train_total_loss_cgrasp": 0.8178483247756958, "train_total_loss": 0.8178483247756958, "train_loss_kl": 0.016948359087109566, "train_loss_edge": 0.06873520463705063, "train_loss_mesh_rec": 0.08049541711807251, "train_loss_dist_h": 0.09370800852775574, "train_loss_dist_o": 0.5579595565795898, "train_max_depth_ratio": 0.8369376063346863, "train_max_depth_pred": -0.12363773584365845, "_timestamp": 1665847112.542327, "_runtime": 73633.43198680878, "_step": 59, "val_total_loss_cgrasp": 0.8846694624531515, "val_total_loss": 0.8846694624531515, "val_loss_kl": 0.0, "val_loss_edge": 0.08695077896118164, "val_loss_mesh_rec": 0.11562822014093399, "val_loss_dist_h": 0.12153887748718262, "val_loss_dist_o": 0.560552179813385, "val_max_depth_ratio": 1.0269572734832764, "val_max_depth_pred": -0.06667818874120712, "_wandb": {"runtime": 73637}}