{"train_total_loss_cond": 0.17446370422840118, "train_total_loss": 0.17446370422840118, "train_loss_map_hand": 0.07818132638931274, "train_loss_map_om": 0.09568561613559723, "train_loss_feat": 0.5967610478401184, "train_metric_cond": 0.07818133383989334, "_timestamp": 1665298264.375309, "_runtime": 17.58317995071411, "_step": 19, "val_total_loss_cond": 0.08219899237155914, "val_total_loss": 0.08219899237155914, "val_loss_map_hand": 0.0, "val_loss_map_om": 0.08219899237155914, "val_loss_feat": 0.0, "val_metric_cond": 0.08219898492097855, "_wandb": {"runtime": 17}}